{
    "0": {
        "mean": 0.02246388979256153,
        "std": 0.06209248676896095
    },
    "1": {
        "mean": 0.002414318500086665,
        "std": 0.014229841530323029
    },
    "2": {
        "mean": 0.002078442135825753,
        "std": 0.009814508259296417
    },
    "3": {
        "mean": 0.002450810745358467,
        "std": 0.01101305615156889
    },
    "4": {
        "mean": 0.0011091555934399366,
        "std": 0.0030957518611103296
    }
}